{
  "objects": [
    {
      "colliderOnly": false,
      "diffuse": [
        1.0,
        1.0,
        1.0
      ],
      "hiddenInList": false,
      "illum": 1,
      "meshPath": "assets/models/roblox/island/island1Tex.obj",
      "name": "Map - Island",
      "opacity": 1.0,
      "pos": [
        0.0,
        0.0,
        0.0
      ],
      "rot": [
        0.0,
        0.0,
        0.0
      ],
      "scale": [
        16.0,
        16.0,
        16.0
      ],
      "shininess": 64.0,
      "specular": [
        1.0,
        1.0,
        1.0
      ],
      "texPath": "assets\\models\\roblox\\island\\SmoothBlockModel1_diff.png",
      "type": 7
    },
    {
      "colliderOnly": true,
      "diffuse": [
        0.0012512588873505592,
        0.5635853409767151,
        0.19330424070358276
      ],
      "hiddenInList": false,
      "illum": 1,
      "meshPath": "",
      "name": "ground floor 1",
      "opacity": 1.0,
      "pos": [
        0.12724870443344116,
        -4.820774078369141,
        0.0
      ],
      "rot": [
        0.0,
        0.0,
        0.0
      ],
      "scale": [
        14.022262573242188,
        0.20924098789691925,
        12.926685333251953
      ],
      "shininess": 64.0,
      "specular": [
        1.0,
        1.0,
        1.0
      ],
      "texPath": "",
      "type": 0
    },
    {
      "colliderOnly": true,
      "diffuse": [
        0.3502914607524872,
        0.8959624171257019,
        0.8228400349617004
      ],
      "hiddenInList": false,
      "illum": 1,
      "meshPath": "",
      "name": "ground floor 2",
      "opacity": 1.0,
      "pos": [
        -0.38550904393196106,
        -4.689854145050049,
        2.3070573806762695
      ],
      "rot": [
        0.0,
        0.0,
        0.0
      ],
      "scale": [
        5.6905388832092285,
        0.12333394587039948,
        5.48340368270874
      ],
      "shininess": 64.0,
      "specular": [
        1.0,
        1.0,
        1.0
      ],
      "texPath": "",
      "type": 0
    },
    {
      "colliderOnly": true,
      "diffuse": [
        0.3502914607524872,
        0.8959624171257019,
        0.8228400349617004
      ],
      "hiddenInList": false,
      "illum": 1,
      "meshPath": "",
      "name": "ground floor 3",
      "opacity": 1.0,
      "pos": [
        0.11449095606803894,
        -4.612390518188477,
        2.8070573806762695
      ],
      "rot": [
        0.0,
        0.0,
        0.0
      ],
      "scale": [
        5.6905388832092285,
        0.12333394587039948,
        4.239181041717529
      ],
      "shininess": 64.0,
      "specular": [
        1.0,
        1.0,
        1.0
      ],
      "texPath": "",
      "type": 0
    },
    {
      "colliderOnly": true,
      "diffuse": [
        0.3502914607524872,
        0.8959624171257019,
        0.8228400349617004
      ],
      "hiddenInList": false,
      "illum": 1,
      "meshPath": "",
      "name": "ground floor 4",
      "opacity": 1.0,
      "pos": [
        1.7699718475341797,
        -4.55234432220459,
        2.4899449348449707
      ],
      "rot": [
        0.0,
        0.0,
        0.0
      ],
      "scale": [
        5.6905388832092285,
        0.12333394587039948,
        4.239181041717529
      ],
      "shininess": 64.0,
      "specular": [
        1.0,
        1.0,
        1.0
      ],
      "texPath": "",
      "type": 0
    },
    {
      "colliderOnly": true,
      "diffuse": [
        0.3502914607524872,
        0.8959624171257019,
        0.8228400349617004
      ],
      "hiddenInList": false,
      "illum": 1,
      "meshPath": "",
      "name": "ground floor 5",
      "opacity": 1.0,
      "pos": [
        2.3965375423431396,
        -4.469541549682617,
        1.6266707181930542
      ],
      "rot": [
        0.0,
        0.0,
        0.0
      ],
      "scale": [
        5.6905388832092285,
        0.12333394587039948,
        2.434408187866211
      ],
      "shininess": 64.0,
      "specular": [
        1.0,
        1.0,
        1.0
      ],
      "texPath": "",
      "type": 0
    },
    {
      "colliderOnly": true,
      "diffuse": [
        0.3502914607524872,
        0.8959624171257019,
        0.8228400349617004
      ],
      "hiddenInList": false,
      "illum": 1,
      "meshPath": "",
      "name": "ground floor 6",
      "opacity": 1.0,
      "pos": [
        3.0405657291412354,
        -4.389235019683838,
        1.4335057735443115
      ],
      "rot": [
        0.0,
        0.0,
        0.0
      ],
      "scale": [
        5.6905388832092285,
        0.12333394587039948,
        2.0238428115844727
      ],
      "shininess": 64.0,
      "specular": [
        1.0,
        1.0,
        1.0
      ],
      "texPath": "",
      "type": 0
    },
    {
      "colliderOnly": true,
      "diffuse": [
        0.3502914607524872,
        0.8959624171257019,
        0.8228400349617004
      ],
      "hiddenInList": false,
      "illum": 1,
      "meshPath": "",
      "name": "ground floor 7",
      "opacity": 1.0,
      "pos": [
        3.457550525665283,
        -4.351097106933594,
        1.7072696685791016
      ],
      "rot": [
        0.0,
        0.0,
        0.0
      ],
      "scale": [
        5.6905388832092285,
        0.12333394587039948,
        1.5459007024765015
      ],
      "shininess": 64.0,
      "specular": [
        1.0,
        1.0,
        1.0
      ],
      "texPath": "",
      "type": 0
    },
    {
      "colliderOnly": true,
      "diffuse": [
        0.3502914607524872,
        0.8959624171257019,
        0.8228400349617004
      ],
      "hiddenInList": false,
      "illum": 1,
      "meshPath": "",
      "name": "ground floor 8",
      "opacity": 1.0,
      "pos": [
        2.827686071395874,
        -4.251500606536865,
        1.6718751192092896
      ],
      "rot": [
        0.0,
        0.0,
        0.0
      ],
      "scale": [
        2.6251060962677,
        0.12333394587039948,
        2.9208779335021973
      ],
      "shininess": 64.0,
      "specular": [
        1.0,
        1.0,
        1.0
      ],
      "texPath": "",
      "type": 0
    },
    {
      "colliderOnly": true,
      "diffuse": [
        0.7466048002243042,
        0.1741081029176712,
        0.8589434623718262
      ],
      "hiddenInList": false,
      "illum": 1,
      "meshPath": "",
      "name": "stairs",
      "opacity": 1.0,
      "pos": [
        2.85731840133667,
        -3.9583523273468018,
        0.5493160486221313
      ],
      "rot": [
        0.2862638235092163,
        0.0,
        29.1238956451416
      ],
      "scale": [
        1.9161564111709595,
        0.1348455846309662,
        0.5794243216514587
      ],
      "shininess": 64.0,
      "specular": [
        1.0,
        1.0,
        1.0
      ],
      "texPath": "",
      "type": 0
    },
    {
      "colliderOnly": true,
      "diffuse": [
        0.7105014324188232,
        0.5135349631309509,
        0.3039948642253876
      ],
      "hiddenInList": false,
      "illum": 1,
      "meshPath": "",
      "name": "stair f 1",
      "opacity": 1.0,
      "pos": [
        4.155762195587158,
        -3.4995474815368652,
        0.6918166875839233
      ],
      "rot": [
        0.0,
        0.0,
        0.0
      ],
      "scale": [
        1.0,
        0.08117108047008514,
        1.0
      ],
      "shininess": 64.0,
      "specular": [
        1.0,
        1.0,
        1.0
      ],
      "texPath": "",
      "type": 0
    },
    {
      "colliderOnly": true,
      "diffuse": [
        0.7105014324188232,
        0.5135349631309509,
        0.3039948642253876
      ],
      "hiddenInList": false,
      "illum": 1,
      "meshPath": "",
      "name": "stair f 1 (copie)",
      "opacity": 1.0,
      "pos": [
        2.6935811042785645,
        -2.615694284439087,
        0.8538514971733093
      ],
      "rot": [
        0.0,
        0.0,
        0.0
      ],
      "scale": [
        0.5158151984214783,
        0.08117108047008514,
        1.0
      ],