{
  "objects": [
    {
      "colliderOnly": false,
      "diffuse": [
        1.0,
        1.0,
        1.0
      ],
      "hiddenInList": false,
      "illum": 1,
      "meshPath": "assets/models/roblox/doomspires/doomspires1Tex.obj",
      "name": "Map - Doomspires",
      "opacity": 1.0,
      "pos": [
        0.0,
        0.11339590698480606,
        0.0
      ],
      "rot": [
        0.0,
        0.0,
        0.0
      ],
      "scale": [
        18.0,
        18.0,
        18.0
      ],
      "shininess": 64.0,
      "specular": [
        1.0,
        1.0,
        1.0
      ],
      "texPath": "assets\\models\\roblox\\doomspires\\Holder1_diff.png",
      "type": 7
    },
    {
      "colliderOnly": true,
      "diffuse": [
        0.0012512588873505592,
        0.5635853409767151,
        0.19330424070358276
      ],
      "hiddenInList": false,
      "illum": 1,
      "meshPath": "",
      "name": "bridge floor",
      "opacity": 1.0,
      "pos": [
        0.0,
        1.6000080108642578,
        -0.008713163435459137
      ],
      "rot": [
        0.0,
        0.0,
        0.0
      ],
      "scale": [
        10.40257740020752,
        0.3370547890663147,
        1.1509437561035156
      ],
      "shininess": 64.0,
      "specular": [
        1.0,
        1.0,
        1.0
      ],
      "texPath": "",
      "type": 0
    },
    {
      "colliderOnly": true,
      "diffuse": [
        0.808740496635437,
        0.5850093364715576,
        0.47987303137779236
      ],
      "hiddenInList": false,
      "illum": 1,
      "meshPath": "",
      "name": "center plate ",
      "opacity": 1.0,
      "pos": [
        0.020250560715794563,
        1.7669237852096558,
        0.00039291055873036385
      ],
      "rot": [
        0.0,
        0.0,
        0.0
      ],
      "scale": [
        1.2605150938034058,
        0.14688825607299805,
        1.4650033712387085
      ],
      "shininess": 64.0,
      "specular": [
        1.0,
        1.0,
        1.0
      ],
      "texPath": "",
      "type": 0
    },
    {
      "colliderOnly": true,
      "diffuse": [
        0.0012512588873505592,
        0.5635853409767151,
        0.19330424070358276
      ],
      "hiddenInList": false,
      "illum": 1,
      "meshPath": "",
      "name": "bridge floor blue-green",
      "opacity": 1.0,
      "pos": [
        0.06295117735862732,
        1.6726043224334717,
        2.92095947265625
      ],
      "rot": [
        0.0,
        -88.9999008178711,
        0.0
      ],
      "scale": [
        4.506453514099121,
        0.3370547890663147,
        1.0825347900390625
      ],
      "shininess": 64.0,
      "specular": [
        1.0,
        1.0,
        1.0
      ],
      "texPath": "",
      "type": 0
    },
    {
      "colliderOnly": true,
      "diffuse": [
        0.808740496635437,
        0.5850093364715576,
        0.47987303137779236
      ],
      "hiddenInList": false,
      "illum": 1,
      "meshPath": "",
      "name": "y f",
      "opacity": 1.0,
      "pos": [
        6.80418586730957,
        1.6162952184677124,
        1.6268911361694336
      ],
      "rot": [
        0.0,
        87.93791961669922,
        0.0
      ],
      "scale": [
        0.9991157650947571,
        0.14688825607299805,
        3.59702205657959
      ],
      "shininess": 64.0,
      "specular": [
        1.0,
        1.0,
        1.0
      ],
      "texPath": "",
      "type": 0
    },
    {
      "colliderOnly": true,
      "diffuse": [
        0.808740496635437,
        0.5850093364715576,
        0.47987303137779236
      ],
      "hiddenInList": false,
      "illum": 1,
      "meshPath": "",
      "name": "center plate  (copie) (copie)",
      "opacity": 1.0,
      "pos": [
        -8.3070650100708,
        1.6162952184677124,
        -0.04556797444820404
      ],
      "rot": [
        0.0,
        0.0,
        0.0
      ],
      "scale": [
        1.5076258182525635,
        0.14688825607299805,
        3.7415578365325928
      ],
      "shininess": 64.0,
      "specular": [
        1.0,
        1.0,
        1.0
      ],
      "texPath": "",
      "type": 0
    },
    {
      "colliderOnly": true,
      "diffuse": [
        0.808740496635437,
        0.5850093364715576,
        0.47987303137779236
      ],
      "hiddenInList": false,
      "illum": 1,
      "meshPath": "",
      "name": "red floor 1",
      "opacity": 1.0,
      "pos": [
        -5.982224941253662,
        1.6162952184677124,
        -0.04608076810836792
      ],
      "rot": [
        0.0,
        0.0,
        0.0
      ],
      "scale": [
        1.5076258182525635,
        0.14688825607299805,
        3.7415578365325928
      ],
      "shininess": 64.0,
      "specular": [
        1.0,
        1.0,
        1.0
      ],
      "texPath": "",
      "type": 0
    },
    {
      "colliderOnly": true,
      "diffuse": [
        0.808740496635437,
        0.5850093364715576,
        0.47987303137779236
      ],
      "hiddenInList": false,
      "illum": 1,
      "meshPath": "",
      "name": "y f",
      "opacity": 1.0,
      "pos": [
        5.726404190063477,
        1.6162952184677124,
        0.19667504727840424
      ],
      "rot": [
        0.0,
        0.0,
        0.0
      ],
      "scale": [
        1.3918579816818237,
        0.14688825607299805,
        3.5210607051849365
      ],
      "shininess": 64.0,
      "specular": [
        1.0,
        1.0,
        1.0
      ],
      "texPath": "",
      "type": 0
    },
    {
      "colliderOnly": true,
      "diffuse": [
        0.808740496635437,
        0.5850093364715576,
        0.47987303137779236
      ],
      "hiddenInList": false,
      "illum": 1,
      "meshPath": "",
      "name": "y f",
      "opacity": 1.0,
      "pos": [
        6.892195701599121,
        1.6162952184677124,
        -1.6113320589065552
      ],
      "rot": [
        0.0,
        -88.10840606689453,
        0.0
      ],
      "scale": [
        0.9001590609550476,
        0.14688825607299805,
        3.6058943271636963
      ],
      "shininess": 64.0,
      "specular": [
        1.0,
        1.0,
        1.0
      ],
      "texPath": "",
      "type": 0
    },
    {
      "colliderOnly": true,
      "diffuse": [
        0.808740496635437,
        0.5850093364715576,
        0.47987303137779236
      ],
      "hiddenInList": false,
      "illum": 1,
      "meshPath": "",
      "name": "y f",
      "opacity": 1.0,
      "pos": [
        8.230515480041504,
        1.6162952184677124,
        0.3594134449958801
      ],
      "rot": [
        0.0,
        0.0,
        0.0
      ],
      "scale": [
        0.9004504084587097,
        0.14688825607299805,
        3.7415578365325928
      ],
      "shininess": 64.0,
      "specular": [
        1.0,
        1.0,
        1.0
      ],
      "texPath": "",
      "type": 0
    },
    {
      "colliderOnly": false,
      "diffuse": [
        0.3502914607524872,
        0.8959624171257019,
        0.8228400349617004
      ],
      "hiddenInList": false,
      "illum": 1,
      "meshPath": "",
      "name": "Blue Tower",
      "opacity": 1.0,
      "pos": [
        2.618765115737915,
        0.0,
        2.38690447807312
      ],
      "rot": [
        0.0,
        0.0,
        0.0
      ],
      "scale": [
        1.0,
        1.0,
        1.0
      ],
      "shininess": 64.0,
      "specular": [
        1.0,
        1.0,
        1.0
      ],
      "texPath": "",
      "type": 8
    },
    {
      "colliderOnly": true,
      "diffuse": [
        0.808740496635437,
        0.5850093364715576,
        0.47987303137779236
      ],
      "hiddenInList": false,
      "illum": 1,
      "meshPath": "",
      "name": "y f (copie)",
      "opacity": 1.0,
      "pos": [
        6.757770538330078,
        1.6162952184677124,
        -0.7112963199615479
      ],
      "rot": [
        0.0,
        -88.10840606689453,
        0.0
      ],