{
  "objects": [
    {
      "colliderOnly": false,
      "diffuse": [
        1.0,
        1.0,
        1.0
      ],
      "hiddenInList": false,
      "illum": 1,
      "meshPath": "assets/models/roblox/mm2/mm2map1Tex.obj",
      "name": "Map - MM2",
      "opacity": 1.0,
      "pos": [
        0.0,
        0.0,
        0.0
      ],
      "rot": [
        0.0,
        0.0,
        0.0
      ],
      "scale": [
        16.0,
        16.0,
        16.0
      ],
      "shininess": 64.0,
      "specular": [
        1.0,
        1.0,
        1.0
      ],
      "texPath": "assets\\models\\roblox\\mm2\\Union1_diff.png",
      "type": 7
    },
    {
      "colliderOnly": true,
      "diffuse": [
        0.0012512588873505592,
        0.5635853409767151,
        0.19330424070358276
      ],
      "hiddenInList": false,
      "illum": 1,
      "meshPath": "",
      "name": "floor",
      "opacity": 1.0,
      "pos": [
        3.653733968734741,
        0.016316376626491547,
        2.6703500747680664
      ],
      "rot": [
        0.0,
        0.0,
        0.0
      ],
      "scale": [
        8.410297393798828,
        0.15288594365119934,
        9.819437026977539
      ],
      "shininess": 64.0,
      "specular": [
        1.0,
        1.0,
        1.0
      ],
      "texPath": "",
      "type": 0
    },
    {
      "colliderOnly": true,
      "diffuse": [
        0.808740496635437,
        0.5850093364715576,
        0.47987303137779236
      ],
      "hiddenInList": false,
      "illum": 1,
      "meshPath": "",
      "name": "stairs",
      "opacity": 1.0,
      "pos": [
        3.978635311126709,
        0.12697820365428925,
        1.067993402481079
      ],
      "rot": [
        0.09821638464927673,
        -120.11527252197266,
        -37.9487190246582
      ],
      "scale": [
        0.544478178024292,
        0.0010000000474974513,
        1.404394268989563
      ],
      "shininess": 64.0,
      "specular": [
        1.0,
        1.0,
        1.0
      ],
      "texPath": "",
      "type": 0
    },
    {
      "colliderOnly": true,
      "diffuse": [
        0.3502914607524872,
        0.8959624171257019,
        0.8228400349617004
      ],
      "hiddenInList": false,
      "illum": 1,
      "meshPath": "",
      "name": "floor2",
      "opacity": 1.0,
      "pos": [
        4.543778896331787,
        0.2680623531341553,
        -0.23989972472190857
      ],
      "rot": [
        0.0,
        -24.805566787719727,
        0.0
      ],
      "scale": [
        1.3421608209609985,
        0.13359178602695465,
        2.474226474761963
      ],
      "shininess": 64.0,
      "specular": [
        1.0,
        1.0,
        1.0
      ],
      "texPath": "",
      "type": 0
    },
    {
      "colliderOnly": true,
      "diffuse": [
        0.3502914607524872,
        0.8959624171257019,
        0.8228400349617004
      ],
      "hiddenInList": false,
      "illum": 1,
      "meshPath": "",
      "name": "floor 3",
      "opacity": 1.0,
      "pos": [
        5.249732494354248,
        0.27729207277297974,
        0.26010027527809143
      ],
      "rot": [
        0.0,
        -24.805566787719727,
        0.0
      ],
      "scale": [
        1.0196744203567505,
        0.15698616206645966,
        2.3138842582702637
      ],
      "shininess": 64.0,
      "specular": [
        1.0,
        1.0,
        1.0
      ],
      "texPath": "",
      "type": 0
    },
    {
      "colliderOnly": true,
      "diffuse": [
        0.3502914607524872,
        0.8959624171257019,
        0.8228400349617004
      ],
      "hiddenInList": false,
      "illum": 1,
      "meshPath": "",
      "name": "hall floor",
      "opacity": 1.0,
      "pos": [
        4.210418701171875,
        0.30595260858535767,
        -1.4982258081436157
      ],
      "rot": [
        0.0,
        0.22230330109596252,
        0.0
      ],
      "scale": [
        4.006983280181885,
        0.06846021860837936,
        5.04164981842041
      ],
      "shininess": 64.0,
      "specular": [
        1.0,
        1.0,
        1.0
      ],
      "texPath": "",
      "type": 0
    },
    {
      "colliderOnly": true,
      "diffuse": [
        0.3502914607524872,
        0.8959624171257019,
        0.8228400349617004
      ],
      "hiddenInList": false,
      "illum": 1,
      "meshPath": "",
      "name": "hall bedroom floor",
      "opacity": 1.0,
      "pos": [
        1.479946494102478,
        0.14670874178409576,
        -6.684156894683838
      ],
      "rot": [
        0.0,
        0.22230330109596252,
        0.0
      ],
      "scale": [
        3.5282623767852783,
        0.06846021860837936,
        3.3936867713928223
      ],
      "shininess": 64.0,
      "specular": [
        1.0,
        1.0,
        1.0
      ],
      "texPath": "",
      "type": 0
    },
    {
      "colliderOnly": true,
      "diffuse": [
        0.808740496635437,
        0.5850093364715576,
        0.47987303137779236
      ],
      "hiddenInList": false,
      "illum": 1,
      "meshPath": "",
      "name": "stairs to hall",
      "opacity": 1.0,
      "pos": [
        3.26234769821167,
        0.2069464921951294,
        -5.6521148681640625
      ],
      "rot": [
        0.09821638464927673,
        -177.94451904296875,
        -37.9487190246582
      ],
      "scale": [
        0.544478178024292,
        0.0010000000474974513,
        1.4866513013839722
      ],
      "shininess": 64.0,
      "specular": [
        1.0,
        1.0,
        1.0
      ],
      "texPath": "",
      "type": 0
    },
    {
      "colliderOnly": true,
      "diffuse": [
        0.3502914607524872,
        0.8959624171257019,
        0.8228400349617004
      ],
      "hiddenInList": false,
      "illum": 1,
      "meshPath": "",
      "name": "hall floor 2",
      "opacity": 1.0,
      "pos": [
        4.456259250640869,
        0.30595260858535767,
        -4.98284387588501
      ],
      "rot": [
        0.0,
        0.22230330109596252,
        0.0
      ],
      "scale": [
        1.948102355003357,
        0.06846021860837936,
        5.04164981842041
      ],
      "shininess": 64.0,
      "specular": [
        1.0,
        1.0,
        1.0
      ],
      "texPath": "",
      "type": 0
    },
    {
      "colliderOnly": true,
      "diffuse": [
        0.808740496635437,
        0.5850093364715576,
        0.47987303137779236
      ],
      "hiddenInList": false,
      "illum": 1,
      "meshPath": "",
      "name": "stairs bedroom",
      "opacity": 1.0,
      "pos": [
        -0.18993991613388062,
        0.2069464921951294,
        -6.014365196228027
      ],
      "rot": [
        0.09821638464927673,
        -2.3575549125671387,
        -37.9487190246582
      ],
      "scale": [
        0.544478178024292,
        0.0010000000474974513,
        1.4866513013839722
      ],
      "shininess": 64.0,
      "specular": [
        1.0,
        1.0,
        1.0
      ],
      "texPath": "",
      "type": 0
    },
    {
      "colliderOnly": true,
      "diffuse": [
        0.3502914607524872,
        0.8959624171257019,
        0.8228400349617004
      ],
      "hiddenInList": false,
      "illum": 1,
      "meshPath": "",
      "name": "bedroom floor",
      "opacity": 1.0,
      "pos": [
        -3.0913007259368896,
        0.08282997459173203,
        -6.184156894683838
      ],
      "rot": [
        0.0,
        0.22230330109596252,
        0.0
      ],
      "scale": [
        5.2040181159973145,
        0.464810848236084,
        3.3936867713928223
      ],
      "shininess": 64.0,
      "specular": [
        1.0,
        1.0,
        1.0
      ],
      "texPath": "",
      "type": 0
    }
  ]
}